document_id,pid,source_filename,checksum_sha256,title,creator,date_text,document_type,archive_reference,page_count,ocr_status,ingestion_status,ingestion_error,chunk_count,ingestion_version,corpus_version,source_uri,source_path,authority_id,archive_record_id,archive_record_pid,metadata_source,access_level,rights_note,ml_pages,ml_annotation,record_title,record_public_uri
doc_230440137378_c61ced044fd3,230440137378,3c927b768995fdc77f243420f8640431269603e1d163068d7aee3098c3f5384b.pdf,,The education of industrial designers,,July 1968,,,,unverified_remote_source,pending,,,turin-phase2a-archive-inventory-v1,corpus_7c84777c4d19,https://archive-media.lon1.digitaloceanspaces.com/ddr-archive/records/876970045058/master/3c927b768995fdc77f243420f8640431269603e1d163068d7aee3098c3f5384b__pdf_master__v1.pdf,,131,126,451248821104,archive_graphql.records_v1,Internal,Royal College of Art,,,Kenneth Agnew collection,https://ddrarchive.org/id/record/451248821104
doc_230440137378_4da7d9c52118,230440137378,ad57bb16da0e27d977f86df04d4c28005c1330679bd89163669528551cf9c311.pdf,,The education of industrial designers,,July 1968,,,,unverified_remote_source,pending,,,turin-phase2a-archive-inventory-v1,corpus_7c84777c4d19,https://archive-media.lon1.digitaloceanspaces.com/ddr-archive/records/876970045058/master/ad57bb16da0e27d977f86df04d4c28005c1330679bd89163669528551cf9c311__pdf_master__v1.pdf,,131,126,451248821104,archive_graphql.records_v1,Internal,Royal College of Art,,,Kenneth Agnew collection,https://ddrarchive.org/id/record/451248821104
doc_230440137378_dcfad5fe97e9,230440137378,c2fb5e65b235cbf7d8839b72b3f4fe248efd4a5e46b4e95e6bdd390d31fe743b.pdf,,"Product design process and design methods, Finland",,July 1968,,,,unverified_remote_source,pending,,,turin-phase2a-archive-inventory-v1,corpus_7c84777c4d19,https://archive-media.lon1.digitaloceanspaces.com/ddr-archive/records/876970045058/master/c2fb5e65b235cbf7d8839b72b3f4fe248efd4a5e46b4e95e6bdd390d31fe743b__pdf_master__v1.pdf,,131,126,451248821104,archive_graphql.records_v1,Internal,Royal College of Art,,,Kenneth Agnew collection,https://ddrarchive.org/id/record/451248821104
doc_259848197772_1540d3b81397,259848197772,51d24089645b5b891dff19126087dfbd212f44ed34d0ddb372d239cf3c275bf5.pdf,,"Job 171 | A review of research needs aimed at elucidating principles of interface design for man-computer design systems, ref: 171/05",,1976-05-01–1977-04-01,,,,unverified_remote_source,pending,,,turin-phase2a-archive-inventory-v1,corpus_7c84777c4d19,https://archive-media.lon1.digitaloceanspaces.com/ddr-archive/records/259848197772/master/51d24089645b5b891dff19126087dfbd212f44ed34d0ddb372d239cf3c275bf5__pdf_master__v1.pdf,,172,182,137969107545,archive_graphql.records_v1,Internal,The Board and Trustees of the Victoria and Albert Museum,,,Job 171 | A review of research needs aimed at elucidating principles of interface design for man-computer design systems,https://ddrarchive.org/id/record/137969107545
doc_259848197772_730a0bb75634,259848197772,877611e060c99addf7396b7b9238ab31a7f831ccd7a897523af6cd329b6ddf8f.pdf,,"Job 171 | A review of research needs aimed at elucidating principles of interface design for man-computer design systems, ref: 171/06",,1976-05-01–1977-04-01,,,,unverified_remote_source,pending,,,turin-phase2a-archive-inventory-v1,corpus_7c84777c4d19,https://archive-media.lon1.digitaloceanspaces.com/ddr-archive/records/259848197772/master/877611e060c99addf7396b7b9238ab31a7f831ccd7a897523af6cd329b6ddf8f__pdf_master__v1.pdf,,172,182,137969107545,archive_graphql.records_v1,Internal,The Board and Trustees of the Victoria and Albert Museum,,,Job 171 | A review of research needs aimed at elucidating principles of interface design for man-computer design systems,https://ddrarchive.org/id/record/137969107545
doc_287080879712_bc608886d87a,287080879712,050ee82f6fef663c8328b2156e6e863ed1ae1305615ebcc72f40c1fef7dee2e0.pdf,,Design as a Dimension of the Curriculum draft position paper,,June 1978,,,,unverified_remote_source,pending,,,turin-phase2a-archive-inventory-v1,corpus_7c84777c4d19,https://archive-media.lon1.digitaloceanspaces.com/ddr-archive/records/287080879712/master/050ee82f6fef663c8328b2156e6e863ed1ae1305615ebcc72f40c1fef7dee2e0__pdf_master__v1.pdf,,149,155,014262507600,archive_graphql.records_v1,Internal,The Board and Trustees of the Victoria and Albert Museum,,,Design Education Unit | DEU,https://ddrarchive.org/id/record/014262507600
doc_287080879712_ee117f9e3135,287080879712,269402f2369e469f1d278d9ea2f402921f16c7cb180345a6d5e2776d58cb262d.pdf,,Design Dimension Project heads of agreement for participating institutions,,June 1978,,,,unverified_remote_source,pending,,,turin-phase2a-archive-inventory-v1,corpus_7c84777c4d19,https://archive-media.lon1.digitaloceanspaces.com/ddr-archive/records/287080879712/master/269402f2369e469f1d278d9ea2f402921f16c7cb180345a6d5e2776d58cb262d__pdf_master__v1.pdf,,149,155,014262507600,archive_graphql.records_v1,Internal,The Board and Trustees of the Victoria and Albert Museum,,,Design Education Unit | DEU,https://ddrarchive.org/id/record/014262507600
doc_287080879712_5f00f96db72d,287080879712,402a363ff782964e4ea4c42d50414fec9ecb7319ecb6443cd3a46daa9f1e9ce4.pdf,,"Design Dimension Project advisory group preliminary meeting minutes, Bromley civic centre",,June 1978,,,,unverified_remote_source,pending,,,turin-phase2a-archive-inventory-v1,corpus_7c84777c4d19,https://archive-media.lon1.digitaloceanspaces.com/ddr-archive/records/287080879712/master/402a363ff782964e4ea4c42d50414fec9ecb7319ecb6443cd3a46daa9f1e9ce4__pdf_master__v1.pdf,,149,155,014262507600,archive_graphql.records_v1,Internal,The Board and Trustees of the Victoria and Albert Museum,,,Design Education Unit | DEU,https://ddrarchive.org/id/record/014262507600
doc_287080879712_b2de77f60449,287080879712,40ef4095e7794caf2a7f9c4738468c6308dfe5ffc1fac5a15e458ad486cf7270.pdf,,Design as a dimension of the curriculum report outline,,June 1978,,,,unverified_remote_source,pending,,,turin-phase2a-archive-inventory-v1,corpus_7c84777c4d19,https://archive-media.lon1.digitaloceanspaces.com/ddr-archive/records/287080879712/master/40ef4095e7794caf2a7f9c4738468c6308dfe5ffc1fac5a15e458ad486cf7270__pdf_master__v1.pdf,,149,155,014262507600,archive_graphql.records_v1,Internal,The Board and Trustees of the Victoria and Albert Museum,,,Design Education Unit | DEU,https://ddrarchive.org/id/record/014262507600
doc_287080879712_8ea72ca79206,287080879712,5d5c71105a9468c651f5dda98bd47d651cfe9584cee0e01480b10ee8780d6386.pdf,,Design Dimension project advisory group papers and project details,,June 1978,,,,unverified_remote_source,pending,,,turin-phase2a-archive-inventory-v1,corpus_7c84777c4d19,https://archive-media.lon1.digitaloceanspaces.com/ddr-archive/records/287080879712/master/5d5c71105a9468c651f5dda98bd47d651cfe9584cee0e01480b10ee8780d6386__pdf_master__v1.pdf,,149,155,014262507600,archive_graphql.records_v1,Internal,The Board and Trustees of the Victoria and Albert Museum,,,Design Education Unit | DEU,https://ddrarchive.org/id/record/014262507600
doc_287080879712_1792eb9dbc26,287080879712,73876e511e303a5260d1ef013423c6b4bf95e481889b5252e8e60f5bd72eb2a3.pdf,,Design Dimension Project proposed publications,,June 1978,,,,unverified_remote_source,pending,,,turin-phase2a-archive-inventory-v1,corpus_7c84777c4d19,https://archive-media.lon1.digitaloceanspaces.com/ddr-archive/records/287080879712/master/73876e511e303a5260d1ef013423c6b4bf95e481889b5252e8e60f5bd72eb2a3__pdf_master__v1.pdf,,149,155,014262507600,archive_graphql.records_v1,Internal,The Board and Trustees of the Victoria and Albert Museum,,,Design Education Unit | DEU,https://ddrarchive.org/id/record/014262507600
doc_287080879712_35b25fe8a980,287080879712,7beb18238ba0a45073f8691c408c26263ed4b77d0ca762e26d09266d68427ca0.pdf,,"Ken Baynes 'Defining a design dimension of the curriculum' paper for the NSAE conference, Bath",,June 1978,,,,unverified_remote_source,pending,,,turin-phase2a-archive-inventory-v1,corpus_7c84777c4d19,https://archive-media.lon1.digitaloceanspaces.com/ddr-archive/records/287080879712/master/7beb18238ba0a45073f8691c408c26263ed4b77d0ca762e26d09266d68427ca0__pdf_master__v1.pdf,,149,155,014262507600,archive_graphql.records_v1,Internal,The Board and Trustees of the Victoria and Albert Museum,,,Design Education Unit | DEU,https://ddrarchive.org/id/record/014262507600
doc_287080879712_356f23691035,287080879712,89bfaa19fbf307e790a5920eda25dc35d9fcab6533b6e05baa8d6e51507f5df5.pdf,,"DEU student course and assessment papers, spring term",,June 1978,,,,unverified_remote_source,pending,,,turin-phase2a-archive-inventory-v1,corpus_7c84777c4d19,https://archive-media.lon1.digitaloceanspaces.com/ddr-archive/records/287080879712/master/89bfaa19fbf307e790a5920eda25dc35d9fcab6533b6e05baa8d6e51507f5df5__pdf_master__v1.pdf,,149,155,014262507600,archive_graphql.records_v1,Internal,The Board and Trustees of the Victoria and Albert Museum,,,Design Education Unit | DEU,https://ddrarchive.org/id/record/014262507600
doc_287080879712_2e6d662891e1,287080879712,929b8eb8f1ace8a670c4be70be3a1f76fcb277f2b1b7afd36a20b6dc2f6a18d6.pdf,,Phil Roberts discussion notes for research methods and design cirriculum studies,,June 1978,,,,unverified_remote_source,pending,,,turin-phase2a-archive-inventory-v1,corpus_7c84777c4d19,https://archive-media.lon1.digitaloceanspaces.com/ddr-archive/records/287080879712/master/929b8eb8f1ace8a670c4be70be3a1f76fcb277f2b1b7afd36a20b6dc2f6a18d6__pdf_master__v1.pdf,,149,155,014262507600,archive_graphql.records_v1,Internal,The Board and Trustees of the Victoria and Albert Museum,,,Design Education Unit | DEU,https://ddrarchive.org/id/record/014262507600
doc_287080879712_844b238fcca7,287080879712,95bd6ebc6c2089005bfd52e1a367b1a5f612bbb3b5e4dc718cb5d0e131d3bab6.pdf,,Ken Baynes memorandum concerning DEU/DCH future plans and Department of Trade and Industry commission,,June 1978,,,,unverified_remote_source,pending,,,turin-phase2a-archive-inventory-v1,corpus_7c84777c4d19,https://archive-media.lon1.digitaloceanspaces.com/ddr-archive/records/287080879712/master/95bd6ebc6c2089005bfd52e1a367b1a5f612bbb3b5e4dc718cb5d0e131d3bab6__pdf_master__v1.pdf,,149,155,014262507600,archive_graphql.records_v1,Internal,The Board and Trustees of the Victoria and Albert Museum,,,Design Education Unit | DEU,https://ddrarchive.org/id/record/014262507600
doc_287080879712_5ce8ea377e40,287080879712,979b66f9816fd7f92647cf9b88f3d414b8ab60085a32004c824a778b09316e9b.pdf,,"Phil Roberts paper on design, technical drawing and the craftsman as educational model",,June 1978,,,,unverified_remote_source,pending,,,turin-phase2a-archive-inventory-v1,corpus_7c84777c4d19,https://archive-media.lon1.digitaloceanspaces.com/ddr-archive/records/287080879712/master/979b66f9816fd7f92647cf9b88f3d414b8ab60085a32004c824a778b09316e9b__pdf_master__v1.pdf,,149,155,014262507600,archive_graphql.records_v1,Internal,The Board and Trustees of the Victoria and Albert Museum,,,Design Education Unit | DEU,https://ddrarchive.org/id/record/014262507600
doc_287080879712_3acd58dd92d9,287080879712,a3c1c292b8f8417001c891563e0f3e6b7574206cd09aba368f31b214b3273545.pdf,,"A five year programme for design in general education, 2nd draft",,June 1978,,,,unverified_remote_source,pending,,,turin-phase2a-archive-inventory-v1,corpus_7c84777c4d19,https://archive-media.lon1.digitaloceanspaces.com/ddr-archive/records/287080879712/master/a3c1c292b8f8417001c891563e0f3e6b7574206cd09aba368f31b214b3273545__pdf_master__v1.pdf,,149,155,014262507600,archive_graphql.records_v1,Internal,The Board and Trustees of the Victoria and Albert Museum,,,Design Education Unit | DEU,https://ddrarchive.org/id/record/014262507600
doc_287080879712_8a4a19ab2e96,287080879712,a6f59bfa77abcf5fe85052979185269cafb7f23089aeec446a6de632769a7810.pdf,,Ken Baynes proposal for redevelopment of the DEU as a national centre for research and developemt in design education,,June 1978,,,,unverified_remote_source,pending,,,turin-phase2a-archive-inventory-v1,corpus_7c84777c4d19,https://archive-media.lon1.digitaloceanspaces.com/ddr-archive/records/287080879712/master/a6f59bfa77abcf5fe85052979185269cafb7f23089aeec446a6de632769a7810__pdf_master__v1.pdf,,149,155,014262507600,archive_graphql.records_v1,Internal,The Board and Trustees of the Victoria and Albert Museum,,,Design Education Unit | DEU,https://ddrarchive.org/id/record/014262507600
doc_287080879712_a707f6dafdea,287080879712,ab8f56929e000b69a41ff37138050a96ed959ca59eae1bd0d39d74f373a327a4.pdf,,Ken Baynes letter concerning Design Education Unit appointments,,June 1978,,,,unverified_remote_source,pending,,,turin-phase2a-archive-inventory-v1,corpus_7c84777c4d19,https://archive-media.lon1.digitaloceanspaces.com/ddr-archive/records/287080879712/master/ab8f56929e000b69a41ff37138050a96ed959ca59eae1bd0d39d74f373a327a4__pdf_master__v1.pdf,,149,155,014262507600,archive_graphql.records_v1,Internal,The Board and Trustees of the Victoria and Albert Museum,,,Design Education Unit | DEU,https://ddrarchive.org/id/record/014262507600
doc_287080879712_4d4ff9778bb4,287080879712,caa5a13d26c939ce21e7f125b48ab5410d73efbd41c0945f3b35f9104884a88d.pdf,,Design Education Unit discussion papers on computers in art and design,,June 1978,,,,unverified_remote_source,pending,,,turin-phase2a-archive-inventory-v1,corpus_7c84777c4d19,https://archive-media.lon1.digitaloceanspaces.com/ddr-archive/records/287080879712/master/caa5a13d26c939ce21e7f125b48ab5410d73efbd41c0945f3b35f9104884a88d__pdf_master__v1.pdf,,149,155,014262507600,archive_graphql.records_v1,Internal,The Board and Trustees of the Victoria and Albert Museum,,,Design Education Unit | DEU,https://ddrarchive.org/id/record/014262507600
doc_287080879712_973e8aad0e85,287080879712,e79dae4491213ed21a4bdca1d6b1778d7974fe2771a89a0bfc5b2da3f9fcb91d.pdf,,"Design Dimension project aims, methods and content paper",,June 1978,,,,unverified_remote_source,pending,,,turin-phase2a-archive-inventory-v1,corpus_7c84777c4d19,https://archive-media.lon1.digitaloceanspaces.com/ddr-archive/records/287080879712/master/e79dae4491213ed21a4bdca1d6b1778d7974fe2771a89a0bfc5b2da3f9fcb91d__pdf_master__v1.pdf,,149,155,014262507600,archive_graphql.records_v1,Internal,The Board and Trustees of the Victoria and Albert Museum,,,Design Education Unit | DEU,https://ddrarchive.org/id/record/014262507600
doc_287080879712_00ce07e484d9,287080879712,f7993a64f0789f03036edccd29747c53db280a6565e6c37c3d9bc26c8cb53d03.pdf,,"Summary and recommendations, design in general education, part one",,June 1978,,,,unverified_remote_source,pending,,,turin-phase2a-archive-inventory-v1,corpus_7c84777c4d19,https://archive-media.lon1.digitaloceanspaces.com/ddr-archive/records/287080879712/master/f7993a64f0789f03036edccd29747c53db280a6565e6c37c3d9bc26c8cb53d03__pdf_master__v1.pdf,,149,155,014262507600,archive_graphql.records_v1,Internal,The Board and Trustees of the Victoria and Albert Museum,,,Design Education Unit | DEU,https://ddrarchive.org/id/record/014262507600
doc_321843234637_7444bf8b9399,321843234637,3c155ac59db6688d8b4764b51f93ac74d301df926dd809152056ab4702ef69b3.pdf,,"Bruce Archer introductory lecture course outline, 'The designerly approach to knowledge'",,1978,,,,unverified_remote_source,pending,,,turin-phase2a-archive-inventory-v1,corpus_7c84777c4d19,https://archive-media.lon1.digitaloceanspaces.com/ddr-archive/records/321843234637/master/3c155ac59db6688d8b4764b51f93ac74d301df926dd809152056ab4702ef69b3__pdf_master__v1.pdf,,137,152,989478384551,archive_graphql.records_v1,,The Board and Trustees of the Victoria and Albert Museum,,,DDR teaching and learning practice lectures,https://ddrarchive.org/id/record/989478384551
doc_321843234637_dd0e0ae8a761,321843234637,491fdbf612455d205b8c3d5fbff488cdc69b256e2fd5095d8317917683b874fc.pdf,,"A scientific framework for understanding design, George Mallen",,1978,,,,unverified_remote_source,pending,,,turin-phase2a-archive-inventory-v1,corpus_7c84777c4d19,https://archive-media.lon1.digitaloceanspaces.com/ddr-archive/records/321843234637/master/491fdbf612455d205b8c3d5fbff488cdc69b256e2fd5095d8317917683b874fc__pdf_master__v1.pdf,,137,152,989478384551,archive_graphql.records_v1,,The Board and Trustees of the Victoria and Albert Museum,,,DDR teaching and learning practice lectures,https://ddrarchive.org/id/record/989478384551
doc_321843234637_cc38675e330f,321843234637,7903ef10cbf52e1b4d3377845e6544484c0b05374f73bc90cf7557d191b2977d.pdf,,Computers in design course notes,,1978,,,,unverified_remote_source,pending,,,turin-phase2a-archive-inventory-v1,corpus_7c84777c4d19,https://archive-media.lon1.digitaloceanspaces.com/ddr-archive/records/321843234637/master/7903ef10cbf52e1b4d3377845e6544484c0b05374f73bc90cf7557d191b2977d__pdf_master__v1.pdf,,137,152,989478384551,archive_graphql.records_v1,,The Board and Trustees of the Victoria and Albert Museum,,,DDR teaching and learning practice lectures,https://ddrarchive.org/id/record/989478384551
doc_321843234637_882d61988c15,321843234637,c7cf4b3691920a0cddca1d891faa07d0ea9eb9137f55d8150728b07fae866344.pdf,,"A scientific framework for understanding design, George Mallen",,1978,,,,unverified_remote_source,pending,,,turin-phase2a-archive-inventory-v1,corpus_7c84777c4d19,https://archive-media.lon1.digitaloceanspaces.com/ddr-archive/records/321843234637/master/c7cf4b3691920a0cddca1d891faa07d0ea9eb9137f55d8150728b07fae866344__pdf_master__v1.pdf,,137,152,989478384551,archive_graphql.records_v1,,The Board and Trustees of the Victoria and Albert Museum,,,DDR teaching and learning practice lectures,https://ddrarchive.org/id/record/989478384551
doc_338541406157_1f1396dba8bc,338541406157,0359fe3564fb41ef785b138ddee084a56e1b904513267ed3510db0187a2a2ad8.pdf,,"Paper for Imperial Chemical Industries on learning curves, entropy and cybernetics in business modelling",,Circa 1965,,,,unverified_remote_source,pending,,,turin-phase2a-archive-inventory-v1,corpus_7c84777c4d19,https://archive-media.lon1.digitaloceanspaces.com/ddr-archive/records/338541406157/master/0359fe3564fb41ef785b138ddee084a56e1b904513267ed3510db0187a2a2ad8__pdf_master__v1.pdf,,120,127,873981573030,archive_graphql.records_v1,,Royal College of Art,,,Bruce Archer collection,https://ddrarchive.org/id/record/873981573030
doc_338541406157_86ff8e6dd3ee,338541406157,1476a4badf161b3d7b0c9ccc3b55479aff97cf4c6f282688f3c1b69543f269ab.pdf,,Bruce Archer handout 'A characteristic programme for product development,,Circa 1965,,,,unverified_remote_source,pending,,,turin-phase2a-archive-inventory-v1,corpus_7c84777c4d19,https://archive-media.lon1.digitaloceanspaces.com/ddr-archive/records/338541406157/master/1476a4badf161b3d7b0c9ccc3b55479aff97cf4c6f282688f3c1b69543f269ab__pdf_master__v1.pdf,,120,127,873981573030,archive_graphql.records_v1,,Royal College of Art,,,Bruce Archer collection,https://ddrarchive.org/id/record/873981573030
doc_338541406157_0b862ebaada9,338541406157,179e32df37e64a76e351fa88018bea6f08c0f133b8496c1246c2c77d2caee299.pdf,,"A general model of the designing, making and testing process",,Circa 1965,,,,unverified_remote_source,pending,,,turin-phase2a-archive-inventory-v1,corpus_7c84777c4d19,https://archive-media.lon1.digitaloceanspaces.com/ddr-archive/records/338541406157/master/179e32df37e64a76e351fa88018bea6f08c0f133b8496c1246c2c77d2caee299__pdf_master__v1.pdf,,120,127,873981573030,archive_graphql.records_v1,,Royal College of Art,,,Bruce Archer collection,https://ddrarchive.org/id/record/873981573030
doc_338541406157_b8a317bb4fc8,338541406157,19f20667a1b0095074a5fd212a861f66cf8a7f0c489f232541cbd9039a58dab7.pdf,,Inter-university institute of design research,,Circa 1965,,,,unverified_remote_source,pending,,,turin-phase2a-archive-inventory-v1,corpus_7c84777c4d19,https://archive-media.lon1.digitaloceanspaces.com/ddr-archive/records/338541406157/master/19f20667a1b0095074a5fd212a861f66cf8a7f0c489f232541cbd9039a58dab7__pdf_master__v1.pdf,,120,127,873981573030,archive_graphql.records_v1,,Royal College of Art,,,Bruce Archer collection,https://ddrarchive.org/id/record/873981573030
doc_338541406157_2894d9bce300,338541406157,2b4a47bf96f063dccc7ac14df3fc312087bbf5e45676ec1cf7d5031a76fe646e.pdf,,Electrohome lectures,,Circa 1965,,,,unverified_remote_source,pending,,,turin-phase2a-archive-inventory-v1,corpus_7c84777c4d19,https://archive-media.lon1.digitaloceanspaces.com/ddr-archive/records/338541406157/master/2b4a47bf96f063dccc7ac14df3fc312087bbf5e45676ec1cf7d5031a76fe646e__pdf_master__v1.pdf,,120,127,873981573030,archive_graphql.records_v1,,Royal College of Art,,,Bruce Archer collection,https://ddrarchive.org/id/record/873981573030
doc_338541406157_ef22bd33f2d6,338541406157,308e67089fda8f54fd8e9e0a4dba7e054208e78ad7c49052eaa3ee72773250b9__pdf_master__v1.pdf,,Systematic method for designers reprint with additional material,,Circa 1965,,,,unverified_remote_source,pending,,,turin-phase2a-archive-inventory-v1,corpus_7c84777c4d19,https://archive-media.lon1.digitaloceanspaces.com/ddr-archive/records/87/master/308e67089fda8f54fd8e9e0a4dba7e054208e78ad7c49052eaa3ee72773250b9__pdf_master__v1.pdf,,120,127,873981573030,archive_graphql.records_v1,,Royal College of Art,,,Bruce Archer collection,https://ddrarchive.org/id/record/873981573030
doc_338541406157_957e0a3a13ff,338541406157,45ce1801a5064c730f70d1f8f77f4cbf7b83b13f6d6d659cd998e6b7f3a164bd.pdf,,"The international implications of design committee paper, IDAC",,Circa 1965,,,,unverified_remote_source,pending,,,turin-phase2a-archive-inventory-v1,corpus_7c84777c4d19,https://archive-media.lon1.digitaloceanspaces.com/ddr-archive/records/338541406157/master/45ce1801a5064c730f70d1f8f77f4cbf7b83b13f6d6d659cd998e6b7f3a164bd__pdf_master__v1.pdf,,120,127,873981573030,archive_graphql.records_v1,,Royal College of Art,,,Bruce Archer collection,https://ddrarchive.org/id/record/873981573030
doc_338541406157_698775ce331c,338541406157,61d4f5e89f88a5f625f73896a34c72097b396e9b17360391cfb092934b3070c1.pdf,,Bruce Archer  paper 'How designers design',,Circa 1965,,,,unverified_remote_source,pending,,,turin-phase2a-archive-inventory-v1,corpus_7c84777c4d19,https://archive-media.lon1.digitaloceanspaces.com/ddr-archive/records/338541406157/master/61d4f5e89f88a5f625f73896a34c72097b396e9b17360391cfb092934b3070c1__pdf_master__v1.pdf,,120,127,873981573030,archive_graphql.records_v1,,Royal College of Art,,,Bruce Archer collection,https://ddrarchive.org/id/record/873981573030
doc_338541406157_95ab448f04fe,338541406157,b04c2fda0efc13ba8e0b6e43aa40c16db0026666b9fca35fba2b40eaa75fb835.pdf,,Bruce Archer ICED85 diagram paste-up material on the designer’s levels of concern,,Circa 1965,,,,unverified_remote_source,pending,,,turin-phase2a-archive-inventory-v1,corpus_7c84777c4d19,https://archive-media.lon1.digitaloceanspaces.com/ddr-archive/records/338541406157/master/b04c2fda0efc13ba8e0b6e43aa40c16db0026666b9fca35fba2b40eaa75fb835__pdf_master__v1.pdf,,120,127,873981573030,archive_graphql.records_v1,,Royal College of Art,,,Bruce Archer collection,https://ddrarchive.org/id/record/873981573030
doc_338541406157_12a73c7c40c0,338541406157,b4bff95f2c04ea13ae922d457cc02f4b837ce42484006e7a7bd1db46ee895f29.pdf,,Confidential minutes of a secondary education working party meeting,,Circa 1965,,,,unverified_remote_source,pending,,,turin-phase2a-archive-inventory-v1,corpus_7c84777c4d19,https://archive-media.lon1.digitaloceanspaces.com/ddr-archive/records/338541406157/master/b4bff95f2c04ea13ae922d457cc02f4b837ce42484006e7a7bd1db46ee895f29__pdf_master__v1.pdf,,120,127,873981573030,archive_graphql.records_v1,,Royal College of Art,,,Bruce Archer collection,https://ddrarchive.org/id/record/873981573030
doc_338541406157_38587081bb78,338541406157,c6614b78f1365a675bd836d010918bc969d2c1ad072f606060a52f5aa8fc94e2.pdf,,Bruce Archer draft on product development and the designing and manufacturing process,,Circa 1965,,,,unverified_remote_source,pending,,,turin-phase2a-archive-inventory-v1,corpus_7c84777c4d19,https://archive-media.lon1.digitaloceanspaces.com/ddr-archive/records/338541406157/master/c6614b78f1365a675bd836d010918bc969d2c1ad072f606060a52f5aa8fc94e2__pdf_master__v1.pdf,,120,127,873981573030,archive_graphql.records_v1,,Royal College of Art,,,Bruce Archer collection,https://ddrarchive.org/id/record/873981573030
doc_338541406157_13f71327a1a7,338541406157,cf66faa2e693ca4c11712fcfeca4544a8b1922f5e1f1841ce7d5afeb5df94e4a.pdf,,Overhead transparency of Bruce Archer’s Fig. 5 taxonomy diagram for 'Time for a revolution in art and design education',,Circa 1965,,,,unverified_remote_source,pending,,,turin-phase2a-archive-inventory-v1,corpus_7c84777c4d19,https://archive-media.lon1.digitaloceanspaces.com/ddr-archive/records/338541406157/master/cf66faa2e693ca4c11712fcfeca4544a8b1922f5e1f1841ce7d5afeb5df94e4a__pdf_master__v1.pdf,,120,127,873981573030,archive_graphql.records_v1,,Royal College of Art,,,Bruce Archer collection,https://ddrarchive.org/id/record/873981573030
doc_338541406157_3a0fca6cf7c5,338541406157,d669db9ecef5f9f6c779e199601e04eec3c112c677321259d6fd5c14c5be15a5.pdf,,Bruce Archer paper 'An introduction to design research',,Circa 1965,,,,unverified_remote_source,pending,,,turin-phase2a-archive-inventory-v1,corpus_7c84777c4d19,https://archive-media.lon1.digitaloceanspaces.com/ddr-archive/records/338541406157/master/d669db9ecef5f9f6c779e199601e04eec3c112c677321259d6fd5c14c5be15a5__pdf_master__v1.pdf,,120,127,873981573030,archive_graphql.records_v1,,Royal College of Art,,,Bruce Archer collection,https://ddrarchive.org/id/record/873981573030
doc_372485250570_fad039a0c66d,372485250570,c25d8ac34f81eaece1370f2f888f26e64590e73180f4bba0707ed4327b85ff66.pdf,,Signed senate motion concerning appointment of Dean and implementation of the Archer report,,November 1980,,,,unverified_remote_source,pending,,,turin-phase2a-archive-inventory-v1,corpus_7c84777c4d19,https://archive-media.lon1.digitaloceanspaces.com/ddr-archive/records/372485250570/master/c25d8ac34f81eaece1370f2f888f26e64590e73180f4bba0707ed4327b85ff66__pdf_master__v1.pdf,,195,194,197049175170,archive_graphql.records_v1,Internal,The Board and Trustees of the Victoria and Albert Museum,,,RCA institutional history,https://ddrarchive.org/id/record/197049175170
doc_404613335296_fec355861871,404613335296,326075798e9d480c7082904ec70a2797db1765ee693a16c0d055c8486d870d9b.pdf,,Biography,,April 1970,,,,unverified_remote_source,pending,,,turin-phase2a-archive-inventory-v1,corpus_7c84777c4d19,https://archive-media.lon1.digitaloceanspaces.com/ddr-archive/records/581013835776/master/326075798e9d480c7082904ec70a2797db1765ee693a16c0d055c8486d870d9b__pdf_master__v1.pdf,,130,126,451248821104,archive_graphql.records_v1,Internal,Royal College of Art,,,Kenneth Agnew collection,https://ddrarchive.org/id/record/451248821104
doc_404613335296_b913a1b3068e,404613335296,4797fa4fa140c398261b2a43431661e757546c64ca9d5ca0ee5d3744c444a639.pdf,,Development of mobile toilets draft,,April 1970,,,,unverified_remote_source,pending,,,turin-phase2a-archive-inventory-v1,corpus_7c84777c4d19,https://archive-media.lon1.digitaloceanspaces.com/ddr-archive/records/581013835776/master/4797fa4fa140c398261b2a43431661e757546c64ca9d5ca0ee5d3744c444a639__pdf_master__v1.pdf,,130,126,451248821104,archive_graphql.records_v1,Internal,Royal College of Art,,,Kenneth Agnew collection,https://ddrarchive.org/id/record/451248821104
doc_404613335296_d2f705a4c353,404613335296,657023d4f2860af7121535360c24456daf58d79834cc13e02c6faacc5d1c8cac.pdf,,Handwritten notes on the construction of a toilet,,April 1970,,,,unverified_remote_source,pending,,,turin-phase2a-archive-inventory-v1,corpus_7c84777c4d19,https://archive-media.lon1.digitaloceanspaces.com/ddr-archive/records/581013835776/master/657023d4f2860af7121535360c24456daf58d79834cc13e02c6faacc5d1c8cac__pdf_master__v1.pdf,,130,126,451248821104,archive_graphql.records_v1,Internal,Royal College of Art,,,Kenneth Agnew collection,https://ddrarchive.org/id/record/451248821104
doc_404613335296_84502befc6e2,404613335296,d5e31e794e954da2104c84bbb92104176a0110d62cf0569e70e6cb415134cc1e.pdf,,Termination of employment letter,,April 1970,,,,unverified_remote_source,pending,,,turin-phase2a-archive-inventory-v1,corpus_7c84777c4d19,https://archive-media.lon1.digitaloceanspaces.com/ddr-archive/records/581013835776/master/d5e31e794e954da2104c84bbb92104176a0110d62cf0569e70e6cb415134cc1e__pdf_master__v1.pdf,,130,126,451248821104,archive_graphql.records_v1,Internal,Royal College of Art,,,Kenneth Agnew collection,https://ddrarchive.org/id/record/451248821104
doc_413217298959_041696d569cb,413217298959,2d915fd74604f93b8d229427b02c6fdb862e1db8ff08b7671389c15fa8e66980.pdf,,"Job 181 | The analysis and synthesis of internal representations of an architectural design problem, DDR 181/62",,March 1979,,,,unverified_remote_source,pending,,,turin-phase2a-archive-inventory-v1,corpus_7c84777c4d19,https://archive-media.lon1.digitaloceanspaces.com/ddr-archive/records/413217298959/master/2d915fd74604f93b8d229427b02c6fdb862e1db8ff08b7671389c15fa8e66980__pdf_master__v1.pdf,,174,184,511010510951,archive_graphql.records_v1,Internal,Royal College of Art,,,Job 181 | The analysis and synthesis of internal representations of an architectural design problem,https://ddrarchive.org/id/record/511010510951
doc_512813169945_877caf05a0ba,512813169945,742b68b6377ac4e1e28a2d15b33e96d8990408c161a01db77dbc542a4f040d08.pdf,,The management of design course report,,March 1976,,,,unverified_remote_source,pending,,,turin-phase2a-archive-inventory-v1,corpus_7c84777c4d19,https://archive-media.lon1.digitaloceanspaces.com/ddr-archive/records/512813169945/master/742b68b6377ac4e1e28a2d15b33e96d8990408c161a01db77dbc542a4f040d08__pdf_master__v1.pdf,,150,138,130433286272,archive_graphql.records_v1,Internal,The Board and Trustees of the Victoria and Albert Museum,,,Management learning and development,https://ddrarchive.org/id/record/130433286272
doc_521129471965_cec245a8b66c,521129471965,014a6a4252a32d57bbba1064638776ce544760adc1a2de5c6d26b5c6800700bd__pdf_master__v1.pdf,,Rector's report,,1975,,,,unverified_remote_source,pending,,,turin-phase2a-archive-inventory-v1,corpus_7c84777c4d19,https://archive-media.lon1.digitaloceanspaces.com/ddr-archive/records/83/master/014a6a4252a32d57bbba1064638776ce544760adc1a2de5c6d26b5c6800700bd__pdf_master__v1.pdf,,124,123,788065484899,archive_graphql.records_v1,,Royal College of Art,"19-20, 22-23",,RCA Rector's reports | 1967-85,https://ddrarchive.org/id/record/788065484899
doc_521129471965_2fc3d874c5e3,521129471965,09472f6e070663bdf9f03883775cfbd0045be963d7baaf1827f056ad3439bb37__pdf_master__v1.pdf,,Rector's report,,1975,,,,unverified_remote_source,pending,,,turin-phase2a-archive-inventory-v1,corpus_7c84777c4d19,https://archive-media.lon1.digitaloceanspaces.com/ddr-archive/records/83/master/09472f6e070663bdf9f03883775cfbd0045be963d7baaf1827f056ad3439bb37__pdf_master__v1.pdf,,124,123,788065484899,archive_graphql.records_v1,,Royal College of Art,"4,9, 17-19",,RCA Rector's reports | 1967-85,https://ddrarchive.org/id/record/788065484899
doc_521129471965_75ea7c1673b0,521129471965,1743cb151134d784271501e09d84d62efa554ab5e5e803eea2f62b8d13a9c833__pdf_master__v1.pdf,,Rector's report,,1975,,,,unverified_remote_source,pending,,,turin-phase2a-archive-inventory-v1,corpus_7c84777c4d19,https://archive-media.lon1.digitaloceanspaces.com/ddr-archive/records/83/master/1743cb151134d784271501e09d84d62efa554ab5e5e803eea2f62b8d13a9c833__pdf_master__v1.pdf,,124,123,788065484899,archive_graphql.records_v1,,Royal College of Art,22-25,"""relevant_pages"": [12, 13],",RCA Rector's reports | 1967-85,https://ddrarchive.org/id/record/788065484899
doc_521129471965_5f8973b78a1b,521129471965,190ba63d580cf153217270f1eef55adfa44bb34dee65710fac6d4a14122a0b3a__pdf_master__v1.pdf,,Rector's report,,1975,,,,unverified_remote_source,pending,,,turin-phase2a-archive-inventory-v1,corpus_7c84777c4d19,https://archive-media.lon1.digitaloceanspaces.com/ddr-archive/records/83/master/190ba63d580cf153217270f1eef55adfa44bb34dee65710fac6d4a14122a0b3a__pdf_master__v1.pdf,,124,123,788065484899,archive_graphql.records_v1,,Royal College of Art,"10, 23-24",,RCA Rector's reports | 1967-85,https://ddrarchive.org/id/record/788065484899
doc_521129471965_4869a7431c12,521129471965,1da2e231b8aaba9dea6cbec1406736fbb15adf59f68b0d7213a5017e51a4bba9__pdf_master__v1.pdf,,Rector's report,,1975,,,,unverified_remote_source,pending,,,turin-phase2a-archive-inventory-v1,corpus_7c84777c4d19,https://archive-media.lon1.digitaloceanspaces.com/ddr-archive/records/83/master/1da2e231b8aaba9dea6cbec1406736fbb15adf59f68b0d7213a5017e51a4bba9__pdf_master__v1.pdf,,124,123,788065484899,archive_graphql.records_v1,,Royal College of Art,"4, 19-22",,RCA Rector's reports | 1967-85,https://ddrarchive.org/id/record/788065484899
doc_521129471965_103d7aacc843,521129471965,332289f9678ec9581960ebf373bb8b26613ca9bbe40a3ac08c8770f8bce1cafd__pdf_master__v1.pdf,,Rector's report,,1975,,,,unverified_remote_source,pending,,,turin-phase2a-archive-inventory-v1,corpus_7c84777c4d19,https://archive-media.lon1.digitaloceanspaces.com/ddr-archive/records/83/master/332289f9678ec9581960ebf373bb8b26613ca9bbe40a3ac08c8770f8bce1cafd__pdf_master__v1.pdf,,124,123,788065484899,archive_graphql.records_v1,,Royal College of Art,8-9,,RCA Rector's reports | 1967-85,https://ddrarchive.org/id/record/788065484899
doc_521129471965_e5b525d6bb49,521129471965,3b3a30e3c154f8312ee00b220dd932a95b9e30c8ee958999f09fc24dfbedd5b1__pdf_master__v1.pdf,,Rector's report,,1975,,,,unverified_remote_source,pending,,,turin-phase2a-archive-inventory-v1,corpus_7c84777c4d19,https://archive-media.lon1.digitaloceanspaces.com/ddr-archive/records/83/master/3b3a30e3c154f8312ee00b220dd932a95b9e30c8ee958999f09fc24dfbedd5b1__pdf_master__v1.pdf,,124,123,788065484899,archive_graphql.records_v1,,Royal College of Art,6-7,,RCA Rector's reports | 1967-85,https://ddrarchive.org/id/record/788065484899
doc_521129471965_e09fc542e58c,521129471965,57f0c33fbce50c3c5298dddb0d5b5a808f221e73b5549ae1ec569ef082d8fe55__pdf_master__v1.pdf,,Rector's report,,1975,,,,unverified_remote_source,pending,,,turin-phase2a-archive-inventory-v1,corpus_7c84777c4d19,https://archive-media.lon1.digitaloceanspaces.com/ddr-archive/records/83/master/57f0c33fbce50c3c5298dddb0d5b5a808f221e73b5549ae1ec569ef082d8fe55__pdf_master__v1.pdf,,124,123,788065484899,archive_graphql.records_v1,,Royal College of Art,4-5,,RCA Rector's reports | 1967-85,https://ddrarchive.org/id/record/788065484899
doc_521129471965_8b881916adea,521129471965,5cf681e8bb31cddcad43a787dc6f9e1a5557ecc5c1f742c3c96b6efe8e1f7e48__pdf_master__v1.pdf,,Rector's report,,1975,,,,unverified_remote_source,pending,,,turin-phase2a-archive-inventory-v1,corpus_7c84777c4d19,https://archive-media.lon1.digitaloceanspaces.com/ddr-archive/records/83/master/5cf681e8bb31cddcad43a787dc6f9e1a5557ecc5c1f742c3c96b6efe8e1f7e48__pdf_master__v1.pdf,,124,123,788065484899,archive_graphql.records_v1,,Royal College of Art,12-14,,RCA Rector's reports | 1967-85,https://ddrarchive.org/id/record/788065484899
doc_521129471965_2abda5d731ab,521129471965,66ff922c7b81420ff1b629e8fce052eb0850368386167133355830be89266b5a__pdf_master__v1.pdf,,Rector's report,,1975,,,,unverified_remote_source,pending,,,turin-phase2a-archive-inventory-v1,corpus_7c84777c4d19,https://archive-media.lon1.digitaloceanspaces.com/ddr-archive/records/83/master/66ff922c7b81420ff1b629e8fce052eb0850368386167133355830be89266b5a__pdf_master__v1.pdf,,124,123,788065484899,archive_graphql.records_v1,,Royal College of Art,"11-12, 20, 26-27, 28",,RCA Rector's reports | 1967-85,https://ddrarchive.org/id/record/788065484899
doc_521129471965_dfefbdcf7e3d,521129471965,8b76ffd06d443cae617e24580f74adc491f648b6b9d0764092c65ee1f9c417b0__pdf_master__v1.pdf,,Rector's report,,1975,,,,unverified_remote_source,pending,,,turin-phase2a-archive-inventory-v1,corpus_7c84777c4d19,https://archive-media.lon1.digitaloceanspaces.com/ddr-archive/records/83/master/8b76ffd06d443cae617e24580f74adc491f648b6b9d0764092c65ee1f9c417b0__pdf_master__v1.pdf,,124,123,788065484899,archive_graphql.records_v1,,Royal College of Art,"3-4, 36-37",,RCA Rector's reports | 1967-85,https://ddrarchive.org/id/record/788065484899
doc_521129471965_c84ff3e8363d,521129471965,ae465fcd6358e205e9f98ec02463e67f12458ad0323dbb0e4e5872b86b983428__pdf_master__v1.pdf,,Rector's report,,1975,,,,unverified_remote_source,pending,,,turin-phase2a-archive-inventory-v1,corpus_7c84777c4d19,https://archive-media.lon1.digitaloceanspaces.com/ddr-archive/records/83/master/ae465fcd6358e205e9f98ec02463e67f12458ad0323dbb0e4e5872b86b983428__pdf_master__v1.pdf,,124,123,788065484899,archive_graphql.records_v1,,Royal College of Art,10,,RCA Rector's reports | 1967-85,https://ddrarchive.org/id/record/788065484899
doc_521129471965_7fc96de82643,521129471965,be181a8811303755230d137a9ffe9858bceba45552a04f38fd17ad164a4bbfd4__pdf_master__v1.pdf,,Rector's report,,1975,,,,unverified_remote_source,pending,,,turin-phase2a-archive-inventory-v1,corpus_7c84777c4d19,https://archive-media.lon1.digitaloceanspaces.com/ddr-archive/records/83/master/be181a8811303755230d137a9ffe9858bceba45552a04f38fd17ad164a4bbfd4__pdf_master__v1.pdf,,124,123,788065484899,archive_graphql.records_v1,,Royal College of Art,17-19,,RCA Rector's reports | 1967-85,https://ddrarchive.org/id/record/788065484899
doc_521129471965_29d7e5fc5596,521129471965,da8086a710feabca1b3957abde4755a03614ab2f0951a5a2f9be37706c61cdcc__pdf_master__v1.pdf,,Rector's report,,1975,,,,unverified_remote_source,pending,,,turin-phase2a-archive-inventory-v1,corpus_7c84777c4d19,https://archive-media.lon1.digitaloceanspaces.com/ddr-archive/records/83/master/da8086a710feabca1b3957abde4755a03614ab2f0951a5a2f9be37706c61cdcc__pdf_master__v1.pdf,,124,123,788065484899,archive_graphql.records_v1,,Royal College of Art,10-11,,RCA Rector's reports | 1967-85,https://ddrarchive.org/id/record/788065484899
doc_521129471965_2a7a4222e722,521129471965,e4979bff7bd177b62a46a433fc192f159bb0e3a3258379aeddca4e53b0452bdb__pdf_master__v1.pdf,,Rector's report,,1975,,,,unverified_remote_source,pending,,,turin-phase2a-archive-inventory-v1,corpus_7c84777c4d19,https://archive-media.lon1.digitaloceanspaces.com/ddr-archive/records/83/master/e4979bff7bd177b62a46a433fc192f159bb0e3a3258379aeddca4e53b0452bdb__pdf_master__v1.pdf,,124,123,788065484899,archive_graphql.records_v1,,Royal College of Art,"11, 21-24",,RCA Rector's reports | 1967-85,https://ddrarchive.org/id/record/788065484899
doc_521129471965_66e9c166f296,521129471965,f95bff86937784d911b179d3eb963a49750a72cfa3263e4b8b0c02810ee750ba__pdf_master__v1.pdf,,Rector's report,,1975,,,,unverified_remote_source,pending,,,turin-phase2a-archive-inventory-v1,corpus_7c84777c4d19,https://archive-media.lon1.digitaloceanspaces.com/ddr-archive/records/83/master/f95bff86937784d911b179d3eb963a49750a72cfa3263e4b8b0c02810ee750ba__pdf_master__v1.pdf,,124,123,788065484899,archive_graphql.records_v1,,Royal College of Art,"3, 10, 24-27, 46",,RCA Rector's reports | 1967-85,https://ddrarchive.org/id/record/788065484899
doc_546216480663_bad947017076,546216480663,336f15af38296859e6de7feedce629489a824bc35f508636e73000af0dd8dcaa.pdf,,"Job 170 | Design analysis project, report number 108.1",,December 1973,,,,unverified_remote_source,pending,,,turin-phase2a-archive-inventory-v1,corpus_7c84777c4d19,https://archive-media.lon1.digitaloceanspaces.com/ddr-archive/records/546216480663/master/336f15af38296859e6de7feedce629489a824bc35f508636e73000af0dd8dcaa__pdf_master__v1.pdf,,160,179,637362423718,archive_graphql.records_v1,Internal,Royal College of Art,,,Job 170 | Analysis of architectural design activity in a working environment,https://ddrarchive.org/id/record/637362423718
doc_546216480663_b7b6bdde861b,546216480663,c5c961acd2c4916eb704f43a7bcdd74a1563ccc6b923dc60a817ef195b52e95e.pdf,,"Job 170 | Design analysis project, report number 108.2",,December 1973,,,,unverified_remote_source,pending,,,turin-phase2a-archive-inventory-v1,corpus_7c84777c4d19,https://archive-media.lon1.digitaloceanspaces.com/ddr-archive/records/546216480663/master/c5c961acd2c4916eb704f43a7bcdd74a1563ccc6b923dc60a817ef195b52e95e__pdf_master__v1.pdf,,160,179,637362423718,archive_graphql.records_v1,Internal,Royal College of Art,,,Job 170 | Analysis of architectural design activity in a working environment,https://ddrarchive.org/id/record/637362423718
doc_546216480663_19b1c89da51d,546216480663,c7d51dc4df10dfc875bf7aea25be1ad5d9988a301b99144fe2b98fe416e54165.pdf,,"Job 170 | Design analysis project, report number 108.3",,December 1973,,,,unverified_remote_source,pending,,,turin-phase2a-archive-inventory-v1,corpus_7c84777c4d19,https://archive-media.lon1.digitaloceanspaces.com/ddr-archive/records/546216480663/master/c7d51dc4df10dfc875bf7aea25be1ad5d9988a301b99144fe2b98fe416e54165__pdf_master__v1.pdf,,160,179,637362423718,archive_graphql.records_v1,Internal,Royal College of Art,,,Job 170 | Analysis of architectural design activity in a working environment,https://ddrarchive.org/id/record/637362423718
doc_546216480663_fff82c2ad303,546216480663,d1c37b4f7aad8fe20367529764540e8bf44e78bce6dff5fa9138c6e019073de8.pdf,,"Job 170 | Design analysis project, report number 108.4",,December 1973,,,,unverified_remote_source,pending,,,turin-phase2a-archive-inventory-v1,corpus_7c84777c4d19,https://archive-media.lon1.digitaloceanspaces.com/ddr-archive/records/546216480663/master/d1c37b4f7aad8fe20367529764540e8bf44e78bce6dff5fa9138c6e019073de8__pdf_master__v1.pdf,,160,179,637362423718,archive_graphql.records_v1,Internal,Royal College of Art,,,Job 170 | Analysis of architectural design activity in a working environment,https://ddrarchive.org/id/record/637362423718
doc_752233114549_28f2457c1c1e,752233114549,4c47ea8bf89ed5846df28a2db45c0a3e073f861221e992416c94413f70b7b0a1.pdf,,DDR and DEU staff curriculum vitae,,December 1980,,,,unverified_remote_source,pending,,,turin-phase2a-archive-inventory-v1,corpus_7c84777c4d19,https://archive-media.lon1.digitaloceanspaces.com/ddr-archive/records/752233114549/master/4c47ea8bf89ed5846df28a2db45c0a3e073f861221e992416c94413f70b7b0a1__pdf_master__v1.pdf,,192,193,575201988070,archive_graphql.records_v1,Internal,The Board and Trustees of the Victoria and Albert Museum,,,DDR administration,https://ddrarchive.org/id/record/575201988070
doc_767973606400_ff7d7d828024,767973606400,872dbebba88feb7cd748dcfa04c787f0a2f2e6cfd487449b7abe5b20a19a95c5.pdf,,"Job 97 | Study of the feasibility of a computer-aided architectural design system for a consortium of local authorities, report number 97.4",,October 1973,,,,unverified_remote_source,pending,,,turin-phase2a-archive-inventory-v1,corpus_7c84777c4d19,https://archive-media.lon1.digitaloceanspaces.com/ddr-archive/records/767973606400/master/872dbebba88feb7cd748dcfa04c787f0a2f2e6cfd487449b7abe5b20a19a95c5__pdf_master__v1.pdf,,169,180,227146885618,archive_graphql.records_v1,Internal,Royal College of Art,,,Job 97 | Study of the feasibility of a computer-aided architectural design system for a consortium of local authorities,https://ddrarchive.org/id/record/227146885618
doc_776743677097_04187d1454e4,776743677097,0e9da621c985bb4f8d0f5fcc29e59b97376cdad744a0c50b4e03899d51566453.pdf,,"Job 175 | Strathclyde police divisional control rooms short term improvements, report 175.2",,June 1976,,,,unverified_remote_source,pending,,,turin-phase2a-archive-inventory-v1,corpus_7c84777c4d19,https://archive-media.lon1.digitaloceanspaces.com/ddr-archive/records/776743677097/master/0e9da621c985bb4f8d0f5fcc29e59b97376cdad744a0c50b4e03899d51566453__pdf_master__v1.pdf,,173,183,933205392404,archive_graphql.records_v1,Internal,Royal College of Art,,,Job 175 | Strathclyde police divisional control rooms short term improvements,https://ddrarchive.org/id/record/933205392404
doc_896818280654_d1b6255c7e2e,896818280654,6dedf90098eca407363386e1777969e758b5c1bf04115714b0242c39dd65fb0b.pdf,,The future of the Department of Design Research memo,,Estimated based on context 1982,,,,unverified_remote_source,pending,,,turin-phase2a-archive-inventory-v1,corpus_7c84777c4d19,https://archive-media.lon1.digitaloceanspaces.com/ddr-archive/records/284165366370/master/6dedf90098eca407363386e1777969e758b5c1bf04115714b0242c39dd65fb0b__pdf_master__v1.pdf,,132,127,873981573030,archive_graphql.records_v1,Internal,Royal College of Art,,,Bruce Archer collection,https://ddrarchive.org/id/record/873981573030
doc_896818280654_258577d3d6af,896818280654,d0fbd05e13c156bf4f619f1b63eee3892c971bc9d2cf01347c956f1d2919538a.pdf,,Department of Design Research brochure | ~1982,,Estimated based on context 1982,,,,unverified_remote_source,pending,,,turin-phase2a-archive-inventory-v1,corpus_7c84777c4d19,https://archive-media.lon1.digitaloceanspaces.com/ddr-archive/records/284165366370/master/d0fbd05e13c156bf4f619f1b63eee3892c971bc9d2cf01347c956f1d2919538a__pdf_master__v1.pdf,,132,127,873981573030,archive_graphql.records_v1,Internal,Royal College of Art,,,Bruce Archer collection,https://ddrarchive.org/id/record/873981573030
doc_930287260339_ce445a2df63c,930287260339,60fb29b38a97545948b8bb98b2113593da184ed8fb3f209b93baab29eeaeda90.pdf,,Interview with George Mallen,,Unknown,,,,unverified_remote_source,pending,,,turin-phase2a-archive-inventory-v1,corpus_7c84777c4d19,https://archive-media.lon1.digitaloceanspaces.com/ddr-archive/records/930287260339/master/60fb29b38a97545948b8bb98b2113593da184ed8fb3f209b93baab29eeaeda90__pdf_master__v1.pdf,,175,176,113304873833,archive_graphql.records_v1,Internal,Royal College of Art,,,Stephen Boyd Davis DDR oral histories transcripts,https://ddrarchive.org/id/record/113304873833
doc_930287260339_322c1f005201,930287260339,c87f1bd1ae3149158b44d37eb1d104f0835226afa83e0d8e3d6008d12023cf28.pdf,,Interview with Christopher Frayling,,Unknown,,,,unverified_remote_source,pending,,,turin-phase2a-archive-inventory-v1,corpus_7c84777c4d19,https://archive-media.lon1.digitaloceanspaces.com/ddr-archive/records/930287260339/master/c87f1bd1ae3149158b44d37eb1d104f0835226afa83e0d8e3d6008d12023cf28__pdf_master__v1.pdf,,175,176,113304873833,archive_graphql.records_v1,Internal,Royal College of Art,,,Stephen Boyd Davis DDR oral histories transcripts,https://ddrarchive.org/id/record/113304873833
doc_930287260339_1a851d84b5c3,930287260339,ce00db37df0c7050f3612bf48f974e38f836a426bf85591c7a23517533d60e9e.pdf,,Interview with Brian Reffin Smith,,Unknown,,,,unverified_remote_source,pending,,,turin-phase2a-archive-inventory-v1,corpus_7c84777c4d19,https://archive-media.lon1.digitaloceanspaces.com/ddr-archive/records/930287260339/master/ce00db37df0c7050f3612bf48f974e38f836a426bf85591c7a23517533d60e9e__pdf_master__v1.pdf,,175,176,113304873833,archive_graphql.records_v1,Internal,Royal College of Art,,,Stephen Boyd Davis DDR oral histories transcripts,https://ddrarchive.org/id/record/113304873833
doc_930287260339_2bf04341f9ea,930287260339,e0708b71ca1b87e1832d990dbd3df5a7310d8101f33fc87e1587137729a39ef1.pdf,,Interview with Anthony Finkelstein,,Unknown,,,,unverified_remote_source,pending,,,turin-phase2a-archive-inventory-v1,corpus_7c84777c4d19,https://archive-media.lon1.digitaloceanspaces.com/ddr-archive/records/930287260339/master/e0708b71ca1b87e1832d990dbd3df5a7310d8101f33fc87e1587137729a39ef1__pdf_master__v1.pdf,,175,176,113304873833,archive_graphql.records_v1,Internal,Royal College of Art,,,Stephen Boyd Davis DDR oral histories transcripts,https://ddrarchive.org/id/record/113304873833
doc_940221533316_fe59021dd777,940221533316,261638dd1cf86adfce134690404d0568ef48af0e064f56a7121830df2a1ad27f.pdf,,Department of Design Research design game for modelling layout decisions using playing cards,,Circa October 1975,,,,unverified_remote_source,pending,,,turin-phase2a-archive-inventory-v1,corpus_7c84777c4d19,https://archive-media.lon1.digitaloceanspaces.com/ddr-archive/records/940221533316/master/261638dd1cf86adfce134690404d0568ef48af0e064f56a7121830df2a1ad27f__pdf_master__v1.pdf,,156,154,475236004017,archive_graphql.records_v1,,The Board and Trustees of the Victoria and Albert Museum,,,DDR teaching and learning practice ephemera,https://ddrarchive.org/id/record/475236004017
doc_940221533316_5fcc09789608,940221533316,47ef9cd6984ba9166991a88af84a3cfa14b69e3aa3ad1f352e1f8a85019f4a3a.pdf,,Design simulation exercise for courses in design research,,Circa October 1975,,,,unverified_remote_source,pending,,,turin-phase2a-archive-inventory-v1,corpus_7c84777c4d19,https://archive-media.lon1.digitaloceanspaces.com/ddr-archive/records/940221533316/master/47ef9cd6984ba9166991a88af84a3cfa14b69e3aa3ad1f352e1f8a85019f4a3a__pdf_master__v1.pdf,,156,154,475236004017,archive_graphql.records_v1,,The Board and Trustees of the Victoria and Albert Museum,,,DDR teaching and learning practice ephemera,https://ddrarchive.org/id/record/475236004017
doc_964614721622_19f73493c8fe,964614721622,1f2097b58fdaab563dfe0a36b34476104fb19ca74a54859534c6c034c15c3420__pdf_master__v1.pdf,,RCA calendar,,1969,,,,unverified_remote_source,pending,,,turin-phase2a-archive-inventory-v1,corpus_7c84777c4d19,https://archive-media.lon1.digitaloceanspaces.com/ddr-archive/records/964614721622/master/1f2097b58fdaab563dfe0a36b34476104fb19ca74a54859534c6c034c15c3420__pdf_master__v1.pdf,,121,125,880612075513,archive_graphql.records_v1,,Royal College of Art,83,,RCA Prospectuses | 1965-85,https://ddrarchive.org/id/record/880612075513
doc_964614721622_7561ec3b10c9,964614721622,21e77c3f77035a4c1c202f87add48dead53db48313e15dab1a7dc5bedc7639cf__pdf_master__v1.pdf,,RCA calendar,,1969,,,,unverified_remote_source,pending,,,turin-phase2a-archive-inventory-v1,corpus_7c84777c4d19,https://archive-media.lon1.digitaloceanspaces.com/ddr-archive/records/964614721622/master/21e77c3f77035a4c1c202f87add48dead53db48313e15dab1a7dc5bedc7639cf__pdf_master__v1.pdf,,121,125,880612075513,archive_graphql.records_v1,,Royal College of Art,82,,RCA Prospectuses | 1965-85,https://ddrarchive.org/id/record/880612075513
doc_964614721622_b7d8e55bc03b,964614721622,21f64dfd6be5e211df1623059d35868e07a5214857ea0c919bdfa4fd2879bbb6__pdf_master__v1.pdf,,RCA yearbook,,1969,,,,unverified_remote_source,pending,,,turin-phase2a-archive-inventory-v1,corpus_7c84777c4d19,https://archive-media.lon1.digitaloceanspaces.com/ddr-archive/records/964614721622/master/21f64dfd6be5e211df1623059d35868e07a5214857ea0c919bdfa4fd2879bbb6__pdf_master__v1.pdf,,121,125,880612075513,archive_graphql.records_v1,,Royal College of Art,35-36,,RCA Prospectuses | 1965-85,https://ddrarchive.org/id/record/880612075513
doc_964614721622_eb0b4fa64163,964614721622,492feedc3b57950d67e76e81340674759681edfc2344f2a8782a3485f7636f8a__pdf_master__v1.pdf,,RCA calendar,,1969,,,,unverified_remote_source,pending,,,turin-phase2a-archive-inventory-v1,corpus_7c84777c4d19,https://archive-media.lon1.digitaloceanspaces.com/ddr-archive/records/964614721622/master/492feedc3b57950d67e76e81340674759681edfc2344f2a8782a3485f7636f8a__pdf_master__v1.pdf,,121,125,880612075513,archive_graphql.records_v1,,Royal College of Art,83-85,,RCA Prospectuses | 1965-85,https://ddrarchive.org/id/record/880612075513
doc_964614721622_27395764637b,964614721622,4d190e6164bcf9fb302821c0f750f2f30fb3b0946f21f42608c154178e8d5314__pdf_master__v1.pdf,,RCA prospectus,,1969,,,,unverified_remote_source,pending,,,turin-phase2a-archive-inventory-v1,corpus_7c84777c4d19,https://archive-media.lon1.digitaloceanspaces.com/ddr-archive/records/964614721622/master/4d190e6164bcf9fb302821c0f750f2f30fb3b0946f21f42608c154178e8d5314__pdf_master__v1.pdf,,121,125,880612075513,archive_graphql.records_v1,,Royal College of Art,6,,RCA Prospectuses | 1965-85,https://ddrarchive.org/id/record/880612075513
doc_964614721622_7fe92b24fbb0,964614721622,52192530502a21e8d7d1faea744033f044a7eee23b58200989056371559c2fed__pdf_master__v1.pdf,,RCA prospectus,,1969,,,,unverified_remote_source,pending,,,turin-phase2a-archive-inventory-v1,corpus_7c84777c4d19,https://archive-media.lon1.digitaloceanspaces.com/ddr-archive/records/964614721622/master/52192530502a21e8d7d1faea744033f044a7eee23b58200989056371559c2fed__pdf_master__v1.pdf,,121,125,880612075513,archive_graphql.records_v1,,Royal College of Art,"35, 37",,RCA Prospectuses | 1965-85,https://ddrarchive.org/id/record/880612075513
doc_964614721622_dacf07dfe63c,964614721622,55d1469af3ec8009c9ff725986b4ffab42c32a53b86b87360134b505dfe12f58__pdf_master__v1.pdf,,RCA calendar,,1969,,,,unverified_remote_source,pending,,,turin-phase2a-archive-inventory-v1,corpus_7c84777c4d19,https://archive-media.lon1.digitaloceanspaces.com/ddr-archive/records/964614721622/master/55d1469af3ec8009c9ff725986b4ffab42c32a53b86b87360134b505dfe12f58__pdf_master__v1.pdf,,121,125,880612075513,archive_graphql.records_v1,,Royal College of Art,86,,RCA Prospectuses | 1965-85,https://ddrarchive.org/id/record/880612075513
doc_964614721622_4c7dad35a8d7,964614721622,63115b9622b780b98ed26c5f17ee9cea8be1ed01a17173f5c783f220195881e1__pdf_master__v1.pdf,,RCA yearbook,,1969,,,,unverified_remote_source,pending,,,turin-phase2a-archive-inventory-v1,corpus_7c84777c4d19,https://archive-media.lon1.digitaloceanspaces.com/ddr-archive/records/964614721622/master/63115b9622b780b98ed26c5f17ee9cea8be1ed01a17173f5c783f220195881e1__pdf_master__v1.pdf,,121,125,880612075513,archive_graphql.records_v1,,Royal College of Art,38-40,,RCA Prospectuses | 1965-85,https://ddrarchive.org/id/record/880612075513
doc_964614721622_8f5ebc58e8fa,964614721622,6573ee684fb18a0480bed06a14faca30c8754a05d640195633a38953509d16d6__pdf_master__v1.pdf,,RCA yearbook,,1969,,,,unverified_remote_source,pending,,,turin-phase2a-archive-inventory-v1,corpus_7c84777c4d19,https://archive-media.lon1.digitaloceanspaces.com/ddr-archive/records/964614721622/master/6573ee684fb18a0480bed06a14faca30c8754a05d640195633a38953509d16d6__pdf_master__v1.pdf,,121,125,880612075513,archive_graphql.records_v1,,Royal College of Art,"28, 30-31",,RCA Prospectuses | 1965-85,https://ddrarchive.org/id/record/880612075513
doc_964614721622_bd3980c07a50,964614721622,67baed6add48b0bf3840660e2d9eff029b09ffacff2213f52c659872f9b44101__pdf_master__v1.pdf,,RCA yearbook,,1969,,,,unverified_remote_source,pending,,,turin-phase2a-archive-inventory-v1,corpus_7c84777c4d19,https://archive-media.lon1.digitaloceanspaces.com/ddr-archive/records/964614721622/master/67baed6add48b0bf3840660e2d9eff029b09ffacff2213f52c659872f9b44101__pdf_master__v1.pdf,,121,125,880612075513,archive_graphql.records_v1,,Royal College of Art,"34, 36-37",,RCA Prospectuses | 1965-85,https://ddrarchive.org/id/record/880612075513
doc_964614721622_00a852bc0741,964614721622,7b9b873af70ff18709d3b5e6beddc37962e7d374e9d77a235af6c30c41792e44__pdf_master__v1.pdf,,RCA calendar,,1969,,,,unverified_remote_source,pending,,,turin-phase2a-archive-inventory-v1,corpus_7c84777c4d19,https://archive-media.lon1.digitaloceanspaces.com/ddr-archive/records/964614721622/master/7b9b873af70ff18709d3b5e6beddc37962e7d374e9d77a235af6c30c41792e44__pdf_master__v1.pdf,,121,125,880612075513,archive_graphql.records_v1,,Royal College of Art,80,,RCA Prospectuses | 1965-85,https://ddrarchive.org/id/record/880612075513
doc_964614721622_4a2999f191f7,964614721622,99efbf905f414aa0673af45751cabe740d19992f60fa371e7f00d7ab0b8b5985__pdf_master__v1.pdf,,RCA yearbook,,1969,,,,unverified_remote_source,pending,,,turin-phase2a-archive-inventory-v1,corpus_7c84777c4d19,https://archive-media.lon1.digitaloceanspaces.com/ddr-archive/records/964614721622/master/99efbf905f414aa0673af45751cabe740d19992f60fa371e7f00d7ab0b8b5985__pdf_master__v1.pdf,,121,125,880612075513,archive_graphql.records_v1,,Royal College of Art,33-34,,RCA Prospectuses | 1965-85,https://ddrarchive.org/id/record/880612075513
doc_964614721622_c14130023521,964614721622,a0a8d68ab2fa082b1b62abdd56361e3c5ca21d7ecd1afe0c8e425643bb02ab99__pdf_master__v1.pdf,,RCA calendar,,1969,,,,unverified_remote_source,pending,,,turin-phase2a-archive-inventory-v1,corpus_7c84777c4d19,https://archive-media.lon1.digitaloceanspaces.com/ddr-archive/records/964614721622/master/a0a8d68ab2fa082b1b62abdd56361e3c5ca21d7ecd1afe0c8e425643bb02ab99__pdf_master__v1.pdf,,121,125,880612075513,archive_graphql.records_v1,,Royal College of Art,50-52,,RCA Prospectuses | 1965-85,https://ddrarchive.org/id/record/880612075513
doc_964614721622_ae15f8c00a15,964614721622,a429992f5be9dfab1c767c469cb123e174f8dbff5d60ab9ad75dc6ebcd024ecc__pdf_master__v1.pdf,,RCA calendar,,1969,,,,unverified_remote_source,pending,,,turin-phase2a-archive-inventory-v1,corpus_7c84777c4d19,https://archive-media.lon1.digitaloceanspaces.com/ddr-archive/records/964614721622/master/a429992f5be9dfab1c767c469cb123e174f8dbff5d60ab9ad75dc6ebcd024ecc__pdf_master__v1.pdf,,121,125,880612075513,archive_graphql.records_v1,,Royal College of Art,57-59,,RCA Prospectuses | 1965-85,https://ddrarchive.org/id/record/880612075513
doc_964614721622_9149d928cc51,964614721622,daf171f44f7c0a7a14a0211a4c9cf06908f5dbf5895b15d97098eb685dcd7b28__pdf_master__v1.pdf,,RCA calendar,,1969,,,,unverified_remote_source,pending,,,turin-phase2a-archive-inventory-v1,corpus_7c84777c4d19,https://archive-media.lon1.digitaloceanspaces.com/ddr-archive/records/964614721622/master/daf171f44f7c0a7a14a0211a4c9cf06908f5dbf5895b15d97098eb685dcd7b28__pdf_master__v1.pdf,,121,125,880612075513,archive_graphql.records_v1,,Royal College of Art,81-82,,RCA Prospectuses | 1965-85,https://ddrarchive.org/id/record/880612075513
doc_964614721622_90a726b56ff3,964614721622,e2990c44bf588f51a943e36948aee894b37df23dc45d357e1d06540731d46a02__pdf_master__v1.pdf,,RCA calendar,,1969,,,,unverified_remote_source,pending,,,turin-phase2a-archive-inventory-v1,corpus_7c84777c4d19,https://archive-media.lon1.digitaloceanspaces.com/ddr-archive/records/964614721622/master/e2990c44bf588f51a943e36948aee894b37df23dc45d357e1d06540731d46a02__pdf_master__v1.pdf,,121,125,880612075513,archive_graphql.records_v1,,Royal College of Art,51-52,,RCA Prospectuses | 1965-85,https://ddrarchive.org/id/record/880612075513
doc_964614721622_128375835d94,964614721622,e32723922fb2c09cb022d1a41a19bb49d754fd7b6464ba3705baff352bef6e60__pdf_master__v1.pdf,,RCA calendar,,1969,,,,unverified_remote_source,pending,,,turin-phase2a-archive-inventory-v1,corpus_7c84777c4d19,https://archive-media.lon1.digitaloceanspaces.com/ddr-archive/records/964614721622/master/e32723922fb2c09cb022d1a41a19bb49d754fd7b6464ba3705baff352bef6e60__pdf_master__v1.pdf,,121,125,880612075513,archive_graphql.records_v1,,Royal College of Art,68,,RCA Prospectuses | 1965-85,https://ddrarchive.org/id/record/880612075513
doc_964614721622_be0957b201ab,964614721622,fe54d1348ae093d56125281c81346d5bd6698cb4ed1545308925196f39211bf6__pdf_master__v1.pdf,,RCA calendar,,1969,,,,unverified_remote_source,pending,,,turin-phase2a-archive-inventory-v1,corpus_7c84777c4d19,https://archive-media.lon1.digitaloceanspaces.com/ddr-archive/records/964614721622/master/fe54d1348ae093d56125281c81346d5bd6698cb4ed1545308925196f39211bf6__pdf_master__v1.pdf,,121,125,880612075513,archive_graphql.records_v1,,Royal College of Art,85-86,,RCA Prospectuses | 1965-85,https://ddrarchive.org/id/record/880612075513
doc_964614721622_e2ab140f7725,964614721622,fe87c50a3f93c5b1a4e895fdf54afe84612bfd628f9ff10f615aeacb188ec61e__pdf_master__v1.pdf,,RCA prospectus,,1969,,,,unverified_remote_source,pending,,,turin-phase2a-archive-inventory-v1,corpus_7c84777c4d19,https://archive-media.lon1.digitaloceanspaces.com/ddr-archive/records/964614721622/master/fe87c50a3f93c5b1a4e895fdf54afe84612bfd628f9ff10f615aeacb188ec61e__pdf_master__v1.pdf,,121,125,880612075513,archive_graphql.records_v1,,Royal College of Art,29-32,,RCA Prospectuses | 1965-85,https://ddrarchive.org/id/record/880612075513
doc_969853100240_65bdd65a6f2f,969853100240,cf082871956c9786ab81fd84e1bfba836ed2f4e3776ec2e1ed96c6aac071b966.pdf,,Job 146 | Strathclyde police design project,,October 1975,,,,unverified_remote_source,pending,,,turin-phase2a-archive-inventory-v1,corpus_7c84777c4d19,https://archive-media.lon1.digitaloceanspaces.com/ddr-archive/records/969853100240/master/cf082871956c9786ab81fd84e1bfba836ed2f4e3776ec2e1ed96c6aac071b966__pdf_master__v1.pdf,,170,181,843093176126,archive_graphql.records_v1,Internal,Royal College of Art,,,Job 146 | Strathclyde police design project,https://ddrarchive.org/id/record/843093176126
